{"cameraMode":{"drawMode":0,"name":"Shaded","section":"Shading Mode"},"sceneLighting":true,"audioPlay":false,"sceneViewState":{"m_AlwaysRefresh":false,"showFog":true,"showSkybox":true,"showFlares":true,"showImageEffects":true,"showParticleSystems":true,"showVisualEffectGraphs":true,"m_FxEnabled":true},"in2DMode":false,"pivot":{"x":12.861000061035157,"y":4.1305131912231449,"z":-4.087397575378418},"rotation":{"x":0.23378334939479829,"y":-0.4853837490081787,"z":0.14441105723381043,"w":0.8334087133407593},"size":2.5868968963623049,"orthographic":false}