{"cameraMode":{"drawMode":0,"name":"Shaded","section":"Shading Mode"},"sceneLighting":true,"audioPlay":false,"sceneViewState":{"m_AlwaysRefresh":false,"showFog":true,"showSkybox":true,"showFlares":true,"showImageEffects":true,"showParticleSystems":true,"showVisualEffectGraphs":true,"m_FxEnabled":true},"in2DMode":false,"pivot":{"x":14.422489166259766,"y":3.8484721183776857,"z":-2.952357769012451},"rotation":{"x":-0.16804999113082887,"y":-0.5752066969871521,"z":0.12676328420639039,"w":-0.7937752604484558},"size":2.0687732696533205,"orthographic":false}