{"cameraMode":{"drawMode":0,"name":"Shaded","section":"Shading Mode"},"sceneLighting":true,"audioPlay":false,"sceneViewState":{"m_AlwaysRefresh":false,"showFog":true,"showSkybox":true,"showFlares":true,"showImageEffects":true,"showParticleSystems":true,"showVisualEffectGraphs":true,"m_FxEnabled":true},"in2DMode":false,"pivot":{"x":14.619999885559082,"y":4.019999980926514,"z":-2.0929999351501467},"rotation":{"x":-0.19879548251628877,"y":-0.16324132680892945,"z":0.033021487295627597,"w":-0.9677935838699341},"size":1.1974658966064454,"orthographic":true}