{"cameraMode":{"drawMode":0,"name":"Shaded","section":"Shading Mode"},"sceneLighting":true,"audioPlay":false,"sceneViewState":{"m_AlwaysRefresh":false,"showFog":true,"showSkybox":true,"showFlares":true,"showImageEffects":true,"showParticleSystems":true,"showVisualEffectGraphs":true,"m_FxEnabled":true},"in2DMode":false,"pivot":{"x":20.66123390197754,"y":6.00984001159668,"z":-14.226762771606446},"rotation":{"x":0.004018879495561123,"y":-1.0020169019699097,"z":0.028473585844039918,"w":0.023138973861932756},"size":4.989290237426758,"orthographic":false}