{"cameraMode":{"drawMode":0,"name":"Shaded","section":"Shading Mode"},"sceneLighting":true,"audioPlay":false,"sceneViewState":{"m_AlwaysRefresh":false,"showFog":true,"showSkybox":true,"showFlares":true,"showImageEffects":true,"showParticleSystems":true,"showVisualEffectGraphs":true,"m_FxEnabled":true},"in2DMode":false,"pivot":{"x":9.780843734741211,"y":5.625274181365967,"z":-2.9418816566467287},"rotation":{"x":0.09336291253566742,"y":0.755705714225769,"z":-0.11098863184452057,"w":0.6391562223434448},"size":0.46882808208465578,"orthographic":false}