{"cameraMode":{"drawMode":0,"name":"Shaded","section":"Shading Mode"},"sceneLighting":false,"audioPlay":false,"sceneViewState":{"m_AlwaysRefresh":false,"showFog":true,"showSkybox":false,"showFlares":true,"showImageEffects":true,"showParticleSystems":true,"showVisualEffectGraphs":true,"m_FxEnabled":true},"in2DMode":false,"pivot":{"x":-0.012251358479261399,"y":0.06636638939380646,"z":-0.006708994507789612},"rotation":{"x":0.0026848886627703907,"y":0.9974073171615601,"z":0.05391116812825203,"w":-0.049113355576992038},"size":0.08012418448925019,"orthographic":false}